,ReportTime,Sha1ID,Malicious,DailyMachineCount,MoreThan100
0,02/01/2017,101,FALSE,1,FALSE
0,05/01/2017,104,FALSE,1,FALSE
0,08/01/2017,173,FALSE,1,FALSE
0,03/01/2017,174,FALSE,1,FALSE
0,10/01/2017,257,FALSE,1,FALSE
0,08/01/2017,381,FALSE,1,FALSE
0,03/01/2017,447,FALSE,1,FALSE
0,03/01/2017,468,FALSE,1,FALSE
0,01/01/2017,470,FALSE,1,FALSE
0,09/01/2017,517,FALSE,1,FALSE
0,04/01/2017,653,FALSE,1,FALSE
0,10/01/2017,744,FALSE,1,FALSE
0,07/01/2017,757,FALSE,1,FALSE
0,10/01/2017,760,FALSE,1,FALSE
0,08/01/2017,778,FALSE,1,FALSE
0,04/01/2017,810,FALSE,1,FALSE
0,02/01/2017,845,FALSE,1,FALSE
0,09/01/2017,848,FALSE,1,FALSE
0,04/01/2017,867,FALSE,1,FALSE
0,03/01/2017,918,FALSE,1,FALSE
0,06/01/2017,951,FALSE,1,FALSE
0,06/01/2017,957,FALSE,1,FALSE
0,06/01/2017,1147,TRUE,1,FALSE
0,03/01/2017,1211,FALSE,1,FALSE
0,06/01/2017,1251,FALSE,1,FALSE
0,10/01/2017,1388,FALSE,1,FALSE
0,06/01/2017,1538,FALSE,1,FALSE
0,10/01/2017,1547,FALSE,1,FALSE
0,01/01/2017,1613,FALSE,2,FALSE
0,06/01/2017,1657,FALSE,1,FALSE
0,11/01/2017,1740,TRUE,1,FALSE
0,11/01/2017,1751,FALSE,1,FALSE
0,08/01/2017,1769,FALSE,1,FALSE
0,07/01/2017,1794,FALSE,1,FALSE
0,01/01/2017,1796,FALSE,1,FALSE
0,10/01/2017,1818,FALSE,1,FALSE
0,08/01/2017,1841,FALSE,1,FALSE
0,11/01/2017,1881,FALSE,1,FALSE
0,06/01/2017,1883,FALSE,1,FALSE
0,07/01/2017,1918,FALSE,1,FALSE
0,01/01/2017,2009,FALSE,1,FALSE
1,07/01/2017,2009,FALSE,1,FALSE
0,09/01/2017,2062,FALSE,1,FALSE
0,04/01/2017,2078,FALSE,1,FALSE
0,04/01/2017,2155,TRUE,1,FALSE
0,09/01/2017,2220,FALSE,1,FALSE
0,05/01/2017,2268,FALSE,1,FALSE
0,07/01/2017,2298,FALSE,1,FALSE
0,02/01/2017,2437,FALSE,1,FALSE
0,09/01/2017,2569,FALSE,1,FALSE
0,10/01/2017,2585,FALSE,1,FALSE
1,11/01/2017,2585,FALSE,1,FALSE
0,06/01/2017,2613,FALSE,1,FALSE
0,02/01/2017,2658,FALSE,1,FALSE
0,09/01/2017,2749,FALSE,1,FALSE
0,06/01/2017,2839,FALSE,1,FALSE
0,03/01/2017,2863,FALSE,1,FALSE
0,03/01/2017,2895,FALSE,1,FALSE
0,05/01/2017,2996,FALSE,1,FALSE
0,02/01/2017,3101,FALSE,1,FALSE
0,09/01/2017,3132,FALSE,1,FALSE
0,09/01/2017,3133,FALSE,1,FALSE
0,07/01/2017,3176,FALSE,1,FALSE
0,03/01/2017,3267,FALSE,1,FALSE
0,09/01/2017,3410,FALSE,1,FALSE
0,05/01/2017,3475,FALSE,1,FALSE
0,08/01/2017,3607,FALSE,1,FALSE
0,09/01/2017,3678,FALSE,1,FALSE
0,08/01/2017,3780,FALSE,1,FALSE
0,09/01/2017,3792,FALSE,1,FALSE
0,06/01/2017,3957,FALSE,1,FALSE
0,04/01/2017,4068,FALSE,1,FALSE
0,06/01/2017,4112,FALSE,1,FALSE
0,06/01/2017,4114,FALSE,1,FALSE
0,02/01/2017,4255,FALSE,1,FALSE
0,08/01/2017,4550,FALSE,1,FALSE
0,08/01/2017,4608,FALSE,1,FALSE
0,04/01/2017,4630,FALSE,1,FALSE
0,07/01/2017,4740,FALSE,1,FALSE
0,06/01/2017,4788,FALSE,1,FALSE
0,02/01/2017,4917,TRUE,1,FALSE
1,03/01/2017,4917,TRUE,1,FALSE
2,11/01/2017,4917,TRUE,1,FALSE
0,07/01/2017,4961,FALSE,1,FALSE
0,05/01/2017,5003,FALSE,1,FALSE
0,07/01/2017,5438,FALSE,1,FALSE
0,09/01/2017,5523,FALSE,1,FALSE
0,09/01/2017,5618,FALSE,1,FALSE
0,05/01/2017,5644,FALSE,1,FALSE
0,07/01/2017,5718,FALSE,1,FALSE
0,09/01/2017,5874,FALSE,1,FALSE
0,03/01/2017,5911,FALSE,1,FALSE
0,06/01/2017,5922,FALSE,1,FALSE
0,11/01/2017,5996,FALSE,1,FALSE
0,01/01/2017,6089,FALSE,1,FALSE
0,10/01/2017,6135,FALSE,1,FALSE
0,03/01/2017,6177,FALSE,1,FALSE
0,09/01/2017,6206,FALSE,1,FALSE
0,05/01/2017,6294,FALSE,1,FALSE
0,06/01/2017,6314,FALSE,2,FALSE
0,02/01/2017,6333,FALSE,1,FALSE
0,06/01/2017,6409,FALSE,1,FALSE
0,01/01/2017,6439,FALSE,2,FALSE
0,08/01/2017,6447,FALSE,1,FALSE
0,07/01/2017,6496,FALSE,1,FALSE
0,11/01/2017,6543,FALSE,1,FALSE
0,07/01/2017,6612,FALSE,1,FALSE
0,05/01/2017,6619,FALSE,1,FALSE
0,03/01/2017,6633,FALSE,1,FALSE
0,10/01/2017,6710,FALSE,1,FALSE
0,03/01/2017,6767,FALSE,1,FALSE
0,06/01/2017,6782,FALSE,1,FALSE
0,11/01/2017,6822,FALSE,1,FALSE
0,07/01/2017,6860,FALSE,1,FALSE
0,09/01/2017,7074,FALSE,1,FALSE
0,09/01/2017,7100,FALSE,1,FALSE
0,05/01/2017,7200,FALSE,1,FALSE
1,10/01/2017,7200,FALSE,1,FALSE
0,05/01/2017,7243,FALSE,1,FALSE
0,08/01/2017,7293,FALSE,1,FALSE
0,01/01/2017,7331,FALSE,1,FALSE
0,08/01/2017,7339,FALSE,1,FALSE
0,07/01/2017,7359,FALSE,1,FALSE
0,05/01/2017,7494,FALSE,1,FALSE
0,05/01/2017,7612,FALSE,1,FALSE
0,11/01/2017,7621,FALSE,1,FALSE
0,06/01/2017,7624,FALSE,1,FALSE
0,01/01/2017,7750,FALSE,1,FALSE
1,02/01/2017,7750,FALSE,1,FALSE
0,07/01/2017,7776,FALSE,1,FALSE
0,05/01/2017,7792,FALSE,1,FALSE
0,09/01/2017,7981,FALSE,1,FALSE
0,07/01/2017,8047,FALSE,1,FALSE
0,02/01/2017,8121,FALSE,1,FALSE
0,03/01/2017,8144,FALSE,1,FALSE
0,02/01/2017,8178,FALSE,1,FALSE
0,07/01/2017,8248,FALSE,1,FALSE
0,02/01/2017,8330,FALSE,1,FALSE
0,07/01/2017,8355,FALSE,1,FALSE
0,11/01/2017,8359,FALSE,1,FALSE
0,01/01/2017,8361,FALSE,1,FALSE
0,03/01/2017,8426,TRUE,1,FALSE
0,10/01/2017,8545,FALSE,1,FALSE
0,10/01/2017,8654,FALSE,1,FALSE
0,03/01/2017,8671,FALSE,1,FALSE
0,02/01/2017,8972,FALSE,1,FALSE
0,06/01/2017,9028,FALSE,1,FALSE
0,11/01/2017,9033,FALSE,1,FALSE
0,06/01/2017,9066,FALSE,1,FALSE
0,02/01/2017,9180,FALSE,1,FALSE
0,04/01/2017,9187,FALSE,1,FALSE
0,05/01/2017,9272,FALSE,1,FALSE
0,02/01/2017,9417,FALSE,1,FALSE
0,01/01/2017,9479,FALSE,1,FALSE
0,02/01/2017,9497,FALSE,1,FALSE
0,02/01/2017,9599,FALSE,3,FALSE
0,02/01/2017,9636,FALSE,1,FALSE
0,09/01/2017,9656,FALSE,1,FALSE
0,01/01/2017,9971,FALSE,1,FALSE
0,10/01/2017,10127,FALSE,1,FALSE
0,09/01/2017,10193,FALSE,1,FALSE
0,07/01/2017,10240,TRUE,1,FALSE
1,10/01/2017,10240,TRUE,1,FALSE
0,06/01/2017,10276,FALSE,1,FALSE
0,02/01/2017,10425,FALSE,1,FALSE
0,08/01/2017,10439,FALSE,1,FALSE
0,03/01/2017,10455,FALSE,1,FALSE
0,03/01/2017,10588,FALSE,1,FALSE
0,03/01/2017,10611,FALSE,1,FALSE
0,09/01/2017,10635,FALSE,1,FALSE
0,11/01/2017,10740,FALSE,1,FALSE
0,06/01/2017,10757,FALSE,1,FALSE
0,02/01/2017,10816,FALSE,1,FALSE
0,10/01/2017,10821,FALSE,1,FALSE
0,03/01/2017,10950,FALSE,1,FALSE
0,03/01/2017,10963,FALSE,1,FALSE
0,01/01/2017,10966,FALSE,1,FALSE
1,09/01/2017,10966,FALSE,1,FALSE
0,07/01/2017,11086,TRUE,1,FALSE
0,10/01/2017,11308,FALSE,1,FALSE
0,07/01/2017,11367,FALSE,1,FALSE
0,08/01/2017,11531,FALSE,2,FALSE
0,11/01/2017,11650,FALSE,1,FALSE
0,09/01/2017,11673,FALSE,1,FALSE
0,10/01/2017,11718,FALSE,1,FALSE
0,06/01/2017,11721,FALSE,1,FALSE
0,08/01/2017,11785,FALSE,1,FALSE
0,07/01/2017,11811,FALSE,1,FALSE
0,08/01/2017,12024,FALSE,1,FALSE
0,02/01/2017,12036,FALSE,1,FALSE
0,07/01/2017,12068,FALSE,1,FALSE
0,04/01/2017,12085,FALSE,1,FALSE
0,04/01/2017,12103,FALSE,1,FALSE
0,05/01/2017,12145,FALSE,1,FALSE
0,07/01/2017,12149,FALSE,1,FALSE
0,06/01/2017,12498,FALSE,1,FALSE
0,11/01/2017,12691,FALSE,1,FALSE
0,09/01/2017,12764,FALSE,1,FALSE
0,06/01/2017,12792,FALSE,1,FALSE
0,05/01/2017,12855,FALSE,1,FALSE
0,11/01/2017,12859,FALSE,1,FALSE
0,06/01/2017,12866,FALSE,1,FALSE
0,09/01/2017,13166,FALSE,1,FALSE
0,01/01/2017,13210,FALSE,1,FALSE
0,06/01/2017,13243,FALSE,1,FALSE
0,10/01/2017,13348,FALSE,1,FALSE
0,08/01/2017,13366,TRUE,1,FALSE
0,10/01/2017,13371,FALSE,1,FALSE
0,03/01/2017,13405,FALSE,1,FALSE
0,05/01/2017,13416,FALSE,1,FALSE
0,06/01/2017,13466,FALSE,1,FALSE
0,06/01/2017,13482,FALSE,1,FALSE
0,08/01/2017,13628,FALSE,1,FALSE
0,09/01/2017,13893,FALSE,1,FALSE
0,04/01/2017,13912,FALSE,1,FALSE
0,10/01/2017,13950,FALSE,1,FALSE
0,05/01/2017,14001,FALSE,1,FALSE
0,06/01/2017,14131,FALSE,1,FALSE
0,07/01/2017,14141,FALSE,1,FALSE
0,10/01/2017,14188,FALSE,1,FALSE
0,06/01/2017,14273,FALSE,1,FALSE
0,01/01/2017,14344,FALSE,1,FALSE
0,04/01/2017,14429,FALSE,1,FALSE
0,02/01/2017,14432,FALSE,1,FALSE
0,03/01/2017,14491,FALSE,1,FALSE
0,09/01/2017,14521,FALSE,1,FALSE
0,07/01/2017,14598,FALSE,1,FALSE
0,07/01/2017,14687,FALSE,1,FALSE
0,01/01/2017,14733,FALSE,1,FALSE
0,09/01/2017,14780,FALSE,1,FALSE
0,02/01/2017,14895,FALSE,1,FALSE
1,03/01/2017,14895,FALSE,1,FALSE
0,05/01/2017,14934,FALSE,1,FALSE
0,07/01/2017,14941,FALSE,1,FALSE
0,02/01/2017,15011,FALSE,1,FALSE
0,09/01/2017,15022,FALSE,1,FALSE
0,09/01/2017,15047,FALSE,1,FALSE
0,04/01/2017,15085,FALSE,1,FALSE
0,02/01/2017,15174,FALSE,1,FALSE
0,07/01/2017,15408,FALSE,1,FALSE
0,02/01/2017,15475,FALSE,1,FALSE
0,03/01/2017,15494,FALSE,1,FALSE
0,02/01/2017,15589,FALSE,1,FALSE
1,09/01/2017,15589,FALSE,1,FALSE
0,06/01/2017,15603,FALSE,1,FALSE
0,04/01/2017,15674,FALSE,1,FALSE
0,06/01/2017,15892,FALSE,1,FALSE
0,03/01/2017,15908,FALSE,1,FALSE
0,02/01/2017,15985,FALSE,1,FALSE
0,09/01/2017,16018,FALSE,1,FALSE
0,08/01/2017,16024,FALSE,1,FALSE
0,07/01/2017,16033,FALSE,1,FALSE
0,01/01/2017,16079,FALSE,1,FALSE
0,06/01/2017,16083,FALSE,1,FALSE
0,02/01/2017,16231,FALSE,1,FALSE
0,04/01/2017,16247,FALSE,1,FALSE
0,05/01/2017,16355,FALSE,1,FALSE
0,10/01/2017,16356,FALSE,1,FALSE
0,05/01/2017,16364,FALSE,1,FALSE
0,01/01/2017,16413,FALSE,1,FALSE
0,10/01/2017,16477,FALSE,1,FALSE
0,02/01/2017,16487,FALSE,1,FALSE
0,04/01/2017,16492,FALSE,1,FALSE
0,07/01/2017,16570,FALSE,1,FALSE
0,06/01/2017,16586,FALSE,1,FALSE
0,09/01/2017,16713,FALSE,1,FALSE
0,02/01/2017,16719,FALSE,1,FALSE
0,03/01/2017,16778,FALSE,1,FALSE
0,09/01/2017,16843,FALSE,1,FALSE
0,03/01/2017,16920,FALSE,1,FALSE
0,02/01/2017,17055,FALSE,1,FALSE
0,04/01/2017,17065,FALSE,1,FALSE
0,05/01/2017,17333,FALSE,1,FALSE
0,01/01/2017,17527,FALSE,1,FALSE
0,01/01/2017,17561,FALSE,1,FALSE
0,03/01/2017,17628,FALSE,1,FALSE
0,06/01/2017,17633,FALSE,1,FALSE
0,09/01/2017,17680,FALSE,1,FALSE
0,09/01/2017,17741,FALSE,1,FALSE
0,03/01/2017,17780,FALSE,1,FALSE
0,06/01/2017,17823,FALSE,1,FALSE
0,04/01/2017,17845,FALSE,1,FALSE
0,09/01/2017,17893,FALSE,1,FALSE
0,03/01/2017,18260,FALSE,1,FALSE
0,07/01/2017,18505,FALSE,1,FALSE
0,03/01/2017,18516,FALSE,1,FALSE
0,09/01/2017,18563,FALSE,1,FALSE
0,02/01/2017,18608,FALSE,1,FALSE
0,10/01/2017,18722,FALSE,1,FALSE
0,09/01/2017,18878,FALSE,1,FALSE
0,09/01/2017,19119,FALSE,1,FALSE
0,01/01/2017,19190,FALSE,1,FALSE
0,09/01/2017,19227,TRUE,1,FALSE
0,08/01/2017,19232,FALSE,1,FALSE
0,01/01/2017,19233,FALSE,1,FALSE
0,09/01/2017,19360,FALSE,1,FALSE
0,09/01/2017,19361,FALSE,3,FALSE
0,07/01/2017,19436,FALSE,1,FALSE
0,03/01/2017,19468,FALSE,1,FALSE
0,06/01/2017,19538,FALSE,1,FALSE
0,05/01/2017,19550,FALSE,1,FALSE
0,02/01/2017,19560,FALSE,1,FALSE
0,05/01/2017,19617,FALSE,1,FALSE
0,09/01/2017,19620,FALSE,1,FALSE
0,07/01/2017,19844,FALSE,1,FALSE
0,06/01/2017,19902,FALSE,1,FALSE
0,08/01/2017,19904,FALSE,1,FALSE
0,07/01/2017,20144,FALSE,1,FALSE
0,06/01/2017,20173,FALSE,1,FALSE
0,03/01/2017,20188,FALSE,1,FALSE
0,10/01/2017,20217,FALSE,1,FALSE
0,07/01/2017,20321,FALSE,1,FALSE
0,04/01/2017,20388,FALSE,1,FALSE
0,06/01/2017,20417,FALSE,1,FALSE
0,06/01/2017,20434,FALSE,1,FALSE
0,02/01/2017,20441,FALSE,1,FALSE
0,02/01/2017,20795,FALSE,1,FALSE
0,02/01/2017,20821,FALSE,1,FALSE
0,05/01/2017,20881,FALSE,1,FALSE
0,05/01/2017,20936,FALSE,1,FALSE
0,03/01/2017,20942,FALSE,1,FALSE
0,11/01/2017,21036,FALSE,1,FALSE
0,09/01/2017,21178,FALSE,1,FALSE
0,01/01/2017,21191,TRUE,2,FALSE
1,02/01/2017,21191,TRUE,5,FALSE
2,03/01/2017,21191,TRUE,1,FALSE
3,05/01/2017,21191,TRUE,1,FALSE
4,07/01/2017,21191,TRUE,1,FALSE
5,08/01/2017,21191,TRUE,1,FALSE
6,09/01/2017,21191,TRUE,1,FALSE
7,10/01/2017,21191,TRUE,2,FALSE
0,07/01/2017,21249,FALSE,1,FALSE
0,02/01/2017,21264,FALSE,1,FALSE
0,03/01/2017,21276,FALSE,1,FALSE
0,02/01/2017,21414,FALSE,1,FALSE
0,06/01/2017,21462,FALSE,1,FALSE
0,03/01/2017,21559,FALSE,1,FALSE
0,10/01/2017,21566,FALSE,1,FALSE
0,11/01/2017,21571,FALSE,1,FALSE
0,01/01/2017,21589,FALSE,1,FALSE
1,02/01/2017,21589,FALSE,1,FALSE
2,03/01/2017,21589,FALSE,2,FALSE
3,04/01/2017,21589,FALSE,1,FALSE
4,06/01/2017,21589,FALSE,1,FALSE
5,07/01/2017,21589,FALSE,1,FALSE
6,08/01/2017,21589,FALSE,1,FALSE
7,09/01/2017,21589,FALSE,2,FALSE
8,10/01/2017,21589,FALSE,2,FALSE
0,06/01/2017,21660,FALSE,1,FALSE
0,03/01/2017,21845,FALSE,1,FALSE
0,06/01/2017,21929,FALSE,1,FALSE
0,02/01/2017,22100,FALSE,1,FALSE
0,09/01/2017,22222,FALSE,1,FALSE
0,02/01/2017,22436,FALSE,1,FALSE
1,06/01/2017,22436,FALSE,1,FALSE
0,03/01/2017,22578,FALSE,1,FALSE
0,01/01/2017,22623,FALSE,4,FALSE
1,02/01/2017,22623,FALSE,4,FALSE
2,03/01/2017,22623,FALSE,1,FALSE
3,05/01/2017,22623,FALSE,1,FALSE
4,06/01/2017,22623,FALSE,2,FALSE
5,07/01/2017,22623,FALSE,5,FALSE
6,08/01/2017,22623,FALSE,3,FALSE
7,09/01/2017,22623,FALSE,3,FALSE
8,10/01/2017,22623,FALSE,1,FALSE
9,11/01/2017,22623,FALSE,1,FALSE
0,09/01/2017,22730,FALSE,1,FALSE
0,09/01/2017,22825,FALSE,1,FALSE
0,07/01/2017,22898,FALSE,1,FALSE
0,09/01/2017,22918,FALSE,1,FALSE
0,08/01/2017,22971,FALSE,1,FALSE
0,01/01/2017,23058,FALSE,1,FALSE
0,11/01/2017,23270,FALSE,1,FALSE
0,06/01/2017,23326,FALSE,1,FALSE
0,11/01/2017,23379,FALSE,1,FALSE
0,05/01/2017,23536,FALSE,1,FALSE
0,02/01/2017,23539,FALSE,1,FALSE
0,11/01/2017,23565,FALSE,1,FALSE
0,08/01/2017,23674,FALSE,1,FALSE
1,10/01/2017,23674,FALSE,1,FALSE
0,02/01/2017,23675,FALSE,1,FALSE
0,06/01/2017,23710,FALSE,1,FALSE
0,02/01/2017,23928,FALSE,1,FALSE
0,10/01/2017,24301,FALSE,1,FALSE
0,02/01/2017,24481,FALSE,1,FALSE
0,01/01/2017,24715,FALSE,1,FALSE
0,05/01/2017,25065,FALSE,1,FALSE
0,04/01/2017,25103,TRUE,1,FALSE
0,05/01/2017,25133,FALSE,1,FALSE
0,09/01/2017,25208,FALSE,1,FALSE
0,09/01/2017,25220,FALSE,1,FALSE
0,09/01/2017,25245,FALSE,1,FALSE
0,01/01/2017,25261,FALSE,1,FALSE
1,03/01/2017,25261,FALSE,2,FALSE
2,05/01/2017,25261,FALSE,2,FALSE
3,06/01/2017,25261,FALSE,4,FALSE
4,07/01/2017,25261,FALSE,1,FALSE
5,09/01/2017,25261,FALSE,1,FALSE
0,02/01/2017,25342,FALSE,1,FALSE
0,03/01/2017,25344,FALSE,1,FALSE
0,10/01/2017,25384,FALSE,1,FALSE
0,03/01/2017,25410,FALSE,1,FALSE
0,06/01/2017,25426,FALSE,1,FALSE
0,02/01/2017,25498,FALSE,1,FALSE
0,10/01/2017,25586,FALSE,1,FALSE
0,03/01/2017,25603,FALSE,1,FALSE
0,05/01/2017,25610,FALSE,1,FALSE
0,01/01/2017,25691,FALSE,1,FALSE
0,10/01/2017,25731,FALSE,1,FALSE
0,03/01/2017,25917,FALSE,1,FALSE
0,09/01/2017,25932,FALSE,1,FALSE
0,09/01/2017,25947,FALSE,1,FALSE
0,01/01/2017,26176,FALSE,1,FALSE
0,06/01/2017,26192,FALSE,1,FALSE
0,03/01/2017,26453,FALSE,1,FALSE
0,09/01/2017,26490,FALSE,1,FALSE
0,09/01/2017,26539,FALSE,1,FALSE
0,10/01/2017,26713,FALSE,1,FALSE
0,03/01/2017,26787,FALSE,1,FALSE
0,01/01/2017,26929,FALSE,1,FALSE
0,08/01/2017,27075,FALSE,1,FALSE
0,02/01/2017,27360,FALSE,1,FALSE
0,01/01/2017,27367,TRUE,1,FALSE
0,06/01/2017,27703,FALSE,1,FALSE
0,05/01/2017,27704,FALSE,1,FALSE
0,01/01/2017,27712,FALSE,1,FALSE
0,09/01/2017,27810,FALSE,1,FALSE
0,09/01/2017,27814,FALSE,1,FALSE
0,10/01/2017,27865,FALSE,1,FALSE
0,02/01/2017,27879,FALSE,1,FALSE
0,10/01/2017,27945,FALSE,1,FALSE
0,05/01/2017,27972,FALSE,1,FALSE
0,07/01/2017,28014,FALSE,1,FALSE
0,01/01/2017,28043,FALSE,1,FALSE
0,03/01/2017,28088,FALSE,1,FALSE
0,04/01/2017,28146,FALSE,1,FALSE
0,09/01/2017,28174,FALSE,1,FALSE
0,04/01/2017,28254,FALSE,1,FALSE
0,05/01/2017,28392,FALSE,1,FALSE
0,05/01/2017,28456,FALSE,1,FALSE
0,09/01/2017,28521,FALSE,1,FALSE
0,06/01/2017,28553,FALSE,1,FALSE
0,02/01/2017,28706,FALSE,1,FALSE
0,08/01/2017,28749,FALSE,1,FALSE
0,09/01/2017,28762,FALSE,1,FALSE
0,10/01/2017,28853,FALSE,1,FALSE
0,05/01/2017,28882,FALSE,1,FALSE
0,07/01/2017,29230,FALSE,1,FALSE
0,03/01/2017,29251,FALSE,1,FALSE
0,10/01/2017,29257,FALSE,1,FALSE
0,05/01/2017,29307,FALSE,1,FALSE
0,08/01/2017,29560,FALSE,1,FALSE
0,03/01/2017,29583,FALSE,1,FALSE
0,07/01/2017,29937,FALSE,4,FALSE
1,09/01/2017,29937,FALSE,1,FALSE
0,11/01/2017,30183,FALSE,1,FALSE
0,04/01/2017,30195,FALSE,1,FALSE
0,05/01/2017,30310,FALSE,1,FALSE
0,09/01/2017,30330,FALSE,1,FALSE
0,02/01/2017,30487,FALSE,1,FALSE
0,01/01/2017,30572,FALSE,1,FALSE
0,08/01/2017,30586,FALSE,1,FALSE
0,02/01/2017,30612,FALSE,1,FALSE
0,09/01/2017,30641,FALSE,1,FALSE
0,04/01/2017,30936,FALSE,1,FALSE
0,05/01/2017,30956,FALSE,1,FALSE
0,02/01/2017,30975,FALSE,1,FALSE
1,07/01/2017,30975,FALSE,1,FALSE
0,07/01/2017,31069,FALSE,1,FALSE
0,07/01/2017,31125,FALSE,1,FALSE
0,08/01/2017,31136,FALSE,1,FALSE
0,07/01/2017,31248,FALSE,1,FALSE
0,08/01/2017,31252,FALSE,1,FALSE
0,05/01/2017,31425,FALSE,1,FALSE
0,06/01/2017,31429,FALSE,1,FALSE
0,02/01/2017,31432,FALSE,1,FALSE
0,02/01/2017,31458,FALSE,1,FALSE
0,03/01/2017,31481,FALSE,1,FALSE
0,09/01/2017,31502,FALSE,1,FALSE
0,01/01/2017,31504,FALSE,1,FALSE
0,05/01/2017,31526,FALSE,1,FALSE
0,09/01/2017,31552,FALSE,1,FALSE
0,07/01/2017,31715,FALSE,1,FALSE
0,02/01/2017,31721,FALSE,1,FALSE
0,06/01/2017,31767,FALSE,1,FALSE
0,05/01/2017,31873,FALSE,1,FALSE
0,03/01/2017,31875,FALSE,1,FALSE
0,10/01/2017,31913,FALSE,1,FALSE
0,09/01/2017,32017,FALSE,1,FALSE
0,01/01/2017,32196,FALSE,1,FALSE
0,06/01/2017,32239,FALSE,1,FALSE
0,05/01/2017,32292,FALSE,1,FALSE
0,01/01/2017,32307,FALSE,1,FALSE
0,02/01/2017,32469,FALSE,1,FALSE
0,10/01/2017,32514,FALSE,1,FALSE
0,11/01/2017,32553,FALSE,1,FALSE
0,06/01/2017,32574,FALSE,1,FALSE
0,06/01/2017,32793,FALSE,1,FALSE
0,08/01/2017,32847,FALSE,1,FALSE
0,09/01/2017,32864,FALSE,1,FALSE
0,01/01/2017,32923,FALSE,1,FALSE
0,01/01/2017,32951,FALSE,1,FALSE
0,05/01/2017,33065,FALSE,1,FALSE
0,03/01/2017,33167,FALSE,1,FALSE
1,04/01/2017,33167,FALSE,1,FALSE
2,05/01/2017,33167,FALSE,2,FALSE
3,09/01/2017,33167,FALSE,2,FALSE
0,05/01/2017,33216,FALSE,1,FALSE
0,11/01/2017,33249,FALSE,1,FALSE
0,06/01/2017,33270,FALSE,1,FALSE
0,01/01/2017,33358,FALSE,1,FALSE
0,03/01/2017,33361,FALSE,1,FALSE
0,07/01/2017,33403,FALSE,1,FALSE
0,04/01/2017,33520,FALSE,1,FALSE
0,02/01/2017,33593,FALSE,1,FALSE
0,06/01/2017,33707,FALSE,1,FALSE
0,10/01/2017,33743,FALSE,1,FALSE
0,05/01/2017,33763,FALSE,1,FALSE
0,03/01/2017,33769,FALSE,1,FALSE
0,03/01/2017,33952,FALSE,1,FALSE
0,06/01/2017,34208,FALSE,1,FALSE
0,07/01/2017,34228,FALSE,1,FALSE
0,11/01/2017,34271,FALSE,1,FALSE
0,05/01/2017,34281,FALSE,1,FALSE
0,02/01/2017,34341,FALSE,1,FALSE
0,02/01/2017,34409,FALSE,1,FALSE
0,08/01/2017,34426,FALSE,1,FALSE
0,05/01/2017,34580,FALSE,1,FALSE
0,09/01/2017,34624,FALSE,1,FALSE
0,05/01/2017,34706,FALSE,2,FALSE
0,02/01/2017,34766,FALSE,1,FALSE
0,07/01/2017,34773,FALSE,1,FALSE
0,03/01/2017,34786,FALSE,1,FALSE
0,07/01/2017,34960,FALSE,1,FALSE
0,11/01/2017,34974,FALSE,1,FALSE
0,05/01/2017,34982,FALSE,1,FALSE
0,01/01/2017,35105,FALSE,1,FALSE
0,09/01/2017,35252,FALSE,1,FALSE
0,02/01/2017,35257,FALSE,1,FALSE
0,09/01/2017,35647,FALSE,1,FALSE
0,05/01/2017,35756,FALSE,1,FALSE
0,06/01/2017,35843,FALSE,4,FALSE
0,01/01/2017,35901,FALSE,1,FALSE
0,03/01/2017,35936,FALSE,1,FALSE
0,09/01/2017,35993,FALSE,1,FALSE
0,08/01/2017,36054,FALSE,1,FALSE
0,07/01/2017,36153,FALSE,1,FALSE
0,11/01/2017,36159,FALSE,1,FALSE
0,09/01/2017,36221,FALSE,1,FALSE
0,07/01/2017,36254,FALSE,1,FALSE
0,04/01/2017,36286,FALSE,1,FALSE
0,08/01/2017,36594,TRUE,1,FALSE
0,01/01/2017,36715,FALSE,1,FALSE
0,06/01/2017,36717,FALSE,1,FALSE
0,05/01/2017,36723,FALSE,1,FALSE
0,10/01/2017,36750,FALSE,1,FALSE
0,07/01/2017,36777,FALSE,1,FALSE
0,06/01/2017,36814,FALSE,1,FALSE
0,02/01/2017,37081,FALSE,1,FALSE
0,03/01/2017,37177,FALSE,1,FALSE
0,11/01/2017,37199,FALSE,1,FALSE
0,09/01/2017,37248,FALSE,1,FALSE
0,10/01/2017,37590,FALSE,1,FALSE
0,09/01/2017,37602,FALSE,1,FALSE
0,02/01/2017,37708,FALSE,1,FALSE
0,05/01/2017,37937,FALSE,1,FALSE
0,09/01/2017,37943,FALSE,1,FALSE
0,01/01/2017,37998,FALSE,1,FALSE
0,07/01/2017,38214,FALSE,1,FALSE
0,09/01/2017,38242,FALSE,1,FALSE
0,08/01/2017,38452,FALSE,1,FALSE
0,09/01/2017,38466,FALSE,1,FALSE
0,03/01/2017,38538,FALSE,1,FALSE
0,02/01/2017,38586,FALSE,1,FALSE
0,01/01/2017,38640,FALSE,1,FALSE
0,10/01/2017,38680,FALSE,1,FALSE
0,06/01/2017,38782,FALSE,1,FALSE
0,02/01/2017,38845,FALSE,1,FALSE
0,05/01/2017,38934,FALSE,1,FALSE
0,10/01/2017,39094,FALSE,1,FALSE
0,09/01/2017,39119,FALSE,1,FALSE
0,08/01/2017,39129,FALSE,1,FALSE
0,11/01/2017,39176,FALSE,1,FALSE
0,06/01/2017,39191,FALSE,1,FALSE
0,03/01/2017,39237,FALSE,1,FALSE
0,07/01/2017,39240,FALSE,2,FALSE
0,11/01/2017,39254,FALSE,1,FALSE
0,06/01/2017,39285,FALSE,1,FALSE
0,07/01/2017,39290,FALSE,1,FALSE
0,08/01/2017,39330,FALSE,1,FALSE
0,01/01/2017,39360,FALSE,1,FALSE
0,01/01/2017,39578,FALSE,1,FALSE
1,03/01/2017,39578,FALSE,1,FALSE
2,07/01/2017,39578,FALSE,1,FALSE
3,08/01/2017,39578,FALSE,1,FALSE
0,06/01/2017,39643,FALSE,1,FALSE
0,03/01/2017,39954,FALSE,1,FALSE
0,02/01/2017,40041,FALSE,1,FALSE
0,09/01/2017,40105,FALSE,1,FALSE
0,02/01/2017,40210,FALSE,1,FALSE
0,07/01/2017,40249,FALSE,1,FALSE
0,04/01/2017,40404,FALSE,1,FALSE
0,08/01/2017,40426,FALSE,1,FALSE
0,02/01/2017,40487,FALSE,1,FALSE
0,07/01/2017,40646,FALSE,1,FALSE
0,03/01/2017,40751,FALSE,1,FALSE
0,10/01/2017,40768,FALSE,1,FALSE
0,02/01/2017,41037,FALSE,1,FALSE
0,03/01/2017,41063,FALSE,1,FALSE
0,05/01/2017,41071,FALSE,1,FALSE
0,09/01/2017,41084,FALSE,1,FALSE
0,08/01/2017,41104,FALSE,1,FALSE
0,11/01/2017,41167,FALSE,1,FALSE
0,07/01/2017,41248,FALSE,1,FALSE
0,06/01/2017,41284,FALSE,1,FALSE
0,07/01/2017,41561,FALSE,1,FALSE
0,06/01/2017,41638,FALSE,1,FALSE
0,08/01/2017,41694,FALSE,1,FALSE
0,03/01/2017,41726,FALSE,1,FALSE
0,02/01/2017,41741,FALSE,1,FALSE
0,03/01/2017,41770,FALSE,1,FALSE
0,03/01/2017,41840,FALSE,1,FALSE
0,01/01/2017,41907,FALSE,1,FALSE
0,01/01/2017,41922,FALSE,1,FALSE
0,07/01/2017,41996,FALSE,1,FALSE
0,07/01/2017,42047,FALSE,1,FALSE
0,07/01/2017,42051,FALSE,1,FALSE
0,02/01/2017,42138,FALSE,1,FALSE
0,03/01/2017,42337,FALSE,1,FALSE
0,03/01/2017,42400,FALSE,1,FALSE
0,10/01/2017,42443,FALSE,1,FALSE
0,01/01/2017,42467,FALSE,1,FALSE
0,03/01/2017,42588,FALSE,1,FALSE
0,08/01/2017,42593,FALSE,1,FALSE
0,05/01/2017,42617,FALSE,1,FALSE
0,03/01/2017,42627,FALSE,1,FALSE
0,04/01/2017,42658,TRUE,1,FALSE
0,02/01/2017,42809,TRUE,1,FALSE
1,08/01/2017,42809,TRUE,1,FALSE
0,08/01/2017,42830,FALSE,1,FALSE
0,05/01/2017,42966,FALSE,1,FALSE
0,07/01/2017,42994,FALSE,1,FALSE
0,03/01/2017,42999,FALSE,1,FALSE
0,02/01/2017,43080,FALSE,1,FALSE
0,02/01/2017,43138,FALSE,1,FALSE
0,09/01/2017,43201,FALSE,1,FALSE
0,05/01/2017,43300,FALSE,1,FALSE
0,02/01/2017,43414,FALSE,1,FALSE
0,03/01/2017,43627,FALSE,1,FALSE
0,01/01/2017,43685,FALSE,1,FALSE
0,01/01/2017,43762,FALSE,1,FALSE
0,06/01/2017,43814,FALSE,1,FALSE
0,03/01/2017,43846,FALSE,1,FALSE
0,06/01/2017,43865,FALSE,1,FALSE
0,11/01/2017,43897,FALSE,1,FALSE
0,02/01/2017,43930,FALSE,2,FALSE
0,06/01/2017,43982,FALSE,1,FALSE
0,03/01/2017,43983,FALSE,1,FALSE
0,05/01/2017,43990,FALSE,1,FALSE
0,11/01/2017,44306,FALSE,1,FALSE
0,05/01/2017,44424,FALSE,1,FALSE
0,05/01/2017,44493,FALSE,1,FALSE
0,05/01/2017,44541,FALSE,1,FALSE
0,10/01/2017,44588,FALSE,1,FALSE
0,10/01/2017,44610,FALSE,1,FALSE
1,11/01/2017,44610,FALSE,1,FALSE
0,03/01/2017,44813,FALSE,1,FALSE
0,07/01/2017,44857,FALSE,1,FALSE
0,03/01/2017,44859,FALSE,1,FALSE
0,05/01/2017,44962,FALSE,1,FALSE
0,07/01/2017,44966,FALSE,1,FALSE
0,02/01/2017,45151,FALSE,1,FALSE
0,11/01/2017,45448,FALSE,1,FALSE
0,05/01/2017,45484,FALSE,1,FALSE
0,07/01/2017,45655,FALSE,1,FALSE
0,04/01/2017,45684,FALSE,1,FALSE
0,09/01/2017,45792,FALSE,1,FALSE
0,09/01/2017,45802,FALSE,1,FALSE
0,08/01/2017,45960,FALSE,1,FALSE
0,04/01/2017,46034,FALSE,1,FALSE
0,06/01/2017,46060,FALSE,2,FALSE
0,02/01/2017,46245,FALSE,1,FALSE
0,09/01/2017,46281,FALSE,1,FALSE
0,04/01/2017,46311,FALSE,1,FALSE
0,05/01/2017,46365,FALSE,1,FALSE
0,02/01/2017,46370,FALSE,1,FALSE
0,07/01/2017,46395,FALSE,1,FALSE
0,09/01/2017,46403,FALSE,1,FALSE
0,02/01/2017,46432,FALSE,1,FALSE
0,09/01/2017,46463,FALSE,1,FALSE
0,08/01/2017,46557,FALSE,1,FALSE
0,09/01/2017,46612,FALSE,1,FALSE
0,05/01/2017,46613,FALSE,1,FALSE
0,11/01/2017,46625,FALSE,1,FALSE
0,06/01/2017,46638,FALSE,1,FALSE
0,10/01/2017,46692,FALSE,1,FALSE
0,11/01/2017,46733,FALSE,1,FALSE
0,01/01/2017,46818,FALSE,1,FALSE
0,10/01/2017,47165,FALSE,1,FALSE
0,03/01/2017,47183,FALSE,1,FALSE
0,02/01/2017,47229,FALSE,1,FALSE
0,07/01/2017,47578,FALSE,1,FALSE
0,05/01/2017,47608,FALSE,1,FALSE
0,11/01/2017,47622,FALSE,1,FALSE
0,02/01/2017,47625,FALSE,1,FALSE
0,01/01/2017,47667,FALSE,1,FALSE
0,06/01/2017,47683,FALSE,1,FALSE
0,05/01/2017,47686,FALSE,1,FALSE
0,06/01/2017,47712,FALSE,1,FALSE
0,02/01/2017,47793,FALSE,1,FALSE
0,03/01/2017,47824,FALSE,1,FALSE
0,07/01/2017,47846,FALSE,1,FALSE
0,09/01/2017,48045,FALSE,1,FALSE
0,02/01/2017,48051,FALSE,1,FALSE
0,06/01/2017,48175,FALSE,2,FALSE
0,04/01/2017,48190,FALSE,1,FALSE
0,09/01/2017,48276,FALSE,1,FALSE
0,03/01/2017,48290,FALSE,1,FALSE
0,06/01/2017,48344,FALSE,1,FALSE
0,08/01/2017,48391,FALSE,1,FALSE
0,04/01/2017,48553,FALSE,1,FALSE
0,10/01/2017,48617,FALSE,1,FALSE
0,11/01/2017,48761,FALSE,1,FALSE
0,06/01/2017,48775,FALSE,1,FALSE
0,09/01/2017,48830,FALSE,1,FALSE
0,07/01/2017,48932,FALSE,1,FALSE
0,04/01/2017,48977,FALSE,1,FALSE
0,07/01/2017,48990,FALSE,1,FALSE
0,03/01/2017,49041,FALSE,1,FALSE
0,09/01/2017,49105,FALSE,1,FALSE
0,05/01/2017,49169,FALSE,4,FALSE
0,05/01/2017,49229,FALSE,1,FALSE
0,01/01/2017,49238,FALSE,1,FALSE
1,07/01/2017,49238,FALSE,1,FALSE
2,08/01/2017,49238,FALSE,1,FALSE
3,11/01/2017,49238,FALSE,1,FALSE
0,05/01/2017,49297,FALSE,1,FALSE
0,11/01/2017,49298,FALSE,1,FALSE
0,05/01/2017,49758,FALSE,1,FALSE
0,09/01/2017,49763,FALSE,1,FALSE
0,03/01/2017,49786,FALSE,1,FALSE
0,11/01/2017,49824,FALSE,1,FALSE
0,09/01/2017,49926,FALSE,1,FALSE
0,02/01/2017,49930,FALSE,1,FALSE
0,09/01/2017,49970,FALSE,1,FALSE
0,09/01/2017,50062,FALSE,1,FALSE
0,05/01/2017,50063,FALSE,1,FALSE
0,01/01/2017,50110,FALSE,1,FALSE
0,01/01/2017,50278,FALSE,1,FALSE
0,09/01/2017,50287,FALSE,1,FALSE
0,01/01/2017,50349,FALSE,1,FALSE
0,11/01/2017,50408,FALSE,1,FALSE
0,05/01/2017,50481,FALSE,1,FALSE
0,06/01/2017,50630,FALSE,1,FALSE
0,02/01/2017,50762,FALSE,1,FALSE
0,08/01/2017,50918,FALSE,1,FALSE
0,08/01/2017,51063,FALSE,1,FALSE
0,09/01/2017,51093,FALSE,1,FALSE
0,09/01/2017,51351,FALSE,1,FALSE
0,02/01/2017,51413,FALSE,1,FALSE
0,10/01/2017,51472,FALSE,1,FALSE
0,10/01/2017,51658,FALSE,5,FALSE
1,11/01/2017,51658,FALSE,1,FALSE
0,05/01/2017,51689,FALSE,2,FALSE
1,08/01/2017,51689,FALSE,2,FALSE
2,10/01/2017,51689,FALSE,1,FALSE
0,11/01/2017,51780,FALSE,1,FALSE
0,05/01/2017,51786,FALSE,1,FALSE
0,10/01/2017,51944,FALSE,1,FALSE
0,02/01/2017,51946,FALSE,1,FALSE
0,10/01/2017,52171,FALSE,1,FALSE
0,04/01/2017,52213,FALSE,1,FALSE
0,11/01/2017,52266,FALSE,1,FALSE
0,05/01/2017,52489,FALSE,1,FALSE
0,04/01/2017,52531,FALSE,1,FALSE
0,02/01/2017,52560,FALSE,1,FALSE
0,03/01/2017,52572,FALSE,1,FALSE
1,04/01/2017,52572,FALSE,1,FALSE
0,10/01/2017,52652,FALSE,1,FALSE
0,11/01/2017,52767,FALSE,1,FALSE
0,06/01/2017,52822,FALSE,1,FALSE
0,07/01/2017,52885,FALSE,1,FALSE
0,05/01/2017,52910,FALSE,1,FALSE
0,09/01/2017,52947,FALSE,1,FALSE
0,10/01/2017,53074,FALSE,1,FALSE
0,01/01/2017,53120,FALSE,1,FALSE
0,10/01/2017,53249,FALSE,1,FALSE
0,08/01/2017,53498,FALSE,1,FALSE
0,06/01/2017,53514,FALSE,1,FALSE
0,07/01/2017,53516,FALSE,1,FALSE
0,11/01/2017,53528,FALSE,1,FALSE
0,08/01/2017,53590,FALSE,1,FALSE
0,01/01/2017,53796,FALSE,1,FALSE
0,10/01/2017,53837,FALSE,1,FALSE
0,06/01/2017,53970,FALSE,1,FALSE
0,06/01/2017,54018,FALSE,1,FALSE
0,10/01/2017,54080,FALSE,1,FALSE
0,02/01/2017,54377,FALSE,1,FALSE
0,03/01/2017,54394,FALSE,1,FALSE
0,06/01/2017,54399,FALSE,1,FALSE
0,05/01/2017,54488,FALSE,1,FALSE
0,05/01/2017,54563,FALSE,1,FALSE
0,02/01/2017,54620,FALSE,1,FALSE
0,06/01/2017,54783,FALSE,1,FALSE
0,05/01/2017,54841,FALSE,1,FALSE
0,03/01/2017,54883,FALSE,1,FALSE
0,05/01/2017,55257,FALSE,1,FALSE
0,07/01/2017,55298,FALSE,1,FALSE
0,02/01/2017,55334,FALSE,1,FALSE
0,11/01/2017,55440,FALSE,1,FALSE
0,08/01/2017,55444,FALSE,1,FALSE
0,03/01/2017,55516,FALSE,1,FALSE
0,02/01/2017,55522,FALSE,1,FALSE
1,05/01/2017,55522,FALSE,1,FALSE
2,07/01/2017,55522,FALSE,1,FALSE
0,01/01/2017,55557,FALSE,1,FALSE
0,04/01/2017,55643,FALSE,1,FALSE
0,11/01/2017,55754,FALSE,1,FALSE
0,07/01/2017,55847,FALSE,1,FALSE
0,07/01/2017,55896,FALSE,1,FALSE
0,08/01/2017,55963,FALSE,1,FALSE
0,11/01/2017,55992,FALSE,1,FALSE
0,06/01/2017,55997,FALSE,1,FALSE
0,11/01/2017,56327,FALSE,1,FALSE
0,05/01/2017,56333,FALSE,1,FALSE
0,03/01/2017,56407,FALSE,1,FALSE
0,01/01/2017,56418,FALSE,1,FALSE
0,09/01/2017,56473,FALSE,1,FALSE
0,01/01/2017,56520,FALSE,1,FALSE
0,05/01/2017,56533,FALSE,1,FALSE
0,11/01/2017,56534,FALSE,1,FALSE
0,01/01/2017,56815,FALSE,1,FALSE
0,08/01/2017,56905,FALSE,1,FALSE
0,06/01/2017,57061,FALSE,1,FALSE
0,02/01/2017,57067,FALSE,1,FALSE
0,04/01/2017,57136,FALSE,1,FALSE
0,03/01/2017,57149,FALSE,1,FALSE
0,03/01/2017,57190,TRUE,1,FALSE
0,06/01/2017,57300,FALSE,1,FALSE
0,07/01/2017,57329,FALSE,1,FALSE
0,10/01/2017,57382,FALSE,1,FALSE
0,06/01/2017,57579,FALSE,1,FALSE
0,05/01/2017,57647,FALSE,1,FALSE
0,05/01/2017,57702,FALSE,1,FALSE
0,06/01/2017,57976,FALSE,1,FALSE
0,07/01/2017,58007,FALSE,1,FALSE
0,11/01/2017,58085,FALSE,1,FALSE
0,11/01/2017,58156,FALSE,1,FALSE
0,05/01/2017,58263,FALSE,1,FALSE
0,02/01/2017,58287,FALSE,1,FALSE
0,03/01/2017,58307,FALSE,1,FALSE
0,06/01/2017,58316,FALSE,1,FALSE
0,03/01/2017,58336,FALSE,1,FALSE
0,02/01/2017,58541,FALSE,1,FALSE
0,03/01/2017,58592,FALSE,1,FALSE
0,08/01/2017,58596,FALSE,1,FALSE
0,05/01/2017,58636,FALSE,1,FALSE
0,10/01/2017,58693,FALSE,1,FALSE
0,02/01/2017,58751,FALSE,1,FALSE
0,01/01/2017,58823,FALSE,1,FALSE
0,01/01/2017,58981,FALSE,1,FALSE
1,07/01/2017,58981,FALSE,1,FALSE
2,08/01/2017,58981,FALSE,4,FALSE
0,06/01/2017,59061,FALSE,1,FALSE
0,09/01/2017,59084,FALSE,1,FALSE
0,09/01/2017,59112,TRUE,1,FALSE
0,08/01/2017,59123,FALSE,1,FALSE
0,10/01/2017,59144,FALSE,1,FALSE
0,02/01/2017,59277,FALSE,1,FALSE
0,02/01/2017,59321,FALSE,1,FALSE
0,08/01/2017,59352,FALSE,1,FALSE
0,02/01/2017,59490,FALSE,1,FALSE
0,03/01/2017,59508,FALSE,1,FALSE
0,03/01/2017,59624,FALSE,1,FALSE
0,04/01/2017,59658,FALSE,1,FALSE
0,09/01/2017,59703,FALSE,1,FALSE
0,10/01/2017,59748,FALSE,1,FALSE
0,08/01/2017,59789,FALSE,1,FALSE
0,10/01/2017,59793,FALSE,1,FALSE
0,02/01/2017,59987,FALSE,1,FALSE
0,07/01/2017,60244,FALSE,1,FALSE
0,02/01/2017,60384,FALSE,1,FALSE
0,05/01/2017,60392,FALSE,1,FALSE
1,06/01/2017,60392,FALSE,1,FALSE
2,07/01/2017,60392,FALSE,1,FALSE
3,08/01/2017,60392,FALSE,2,FALSE
0,07/01/2017,60429,FALSE,1,FALSE
0,01/01/2017,60601,FALSE,1,FALSE
0,08/01/2017,60657,FALSE,1,FALSE
0,07/01/2017,60692,FALSE,1,FALSE
0,02/01/2017,60760,FALSE,1,FALSE
0,03/01/2017,60822,FALSE,1,FALSE
0,05/01/2017,60854,FALSE,1,FALSE
0,08/01/2017,60878,FALSE,1,FALSE
0,09/01/2017,60885,FALSE,1,FALSE
0,02/01/2017,61003,FALSE,1,FALSE
0,06/01/2017,61088,FALSE,1,FALSE
0,08/01/2017,61097,FALSE,1,FALSE
0,02/01/2017,61120,FALSE,1,FALSE
0,08/01/2017,61125,FALSE,1,FALSE
0,10/01/2017,61276,FALSE,1,FALSE
0,05/01/2017,61332,FALSE,1,FALSE
0,06/01/2017,61359,FALSE,1,FALSE
0,10/01/2017,61526,FALSE,1,FALSE
0,02/01/2017,61527,FALSE,1,FALSE
0,09/01/2017,61585,FALSE,1,FALSE
0,10/01/2017,61678,FALSE,1,FALSE
0,06/01/2017,61770,FALSE,1,FALSE
0,09/01/2017,61865,FALSE,1,FALSE
0,01/01/2017,61890,FALSE,1,FALSE
0,06/01/2017,62126,FALSE,1,FALSE
0,05/01/2017,62298,FALSE,1,FALSE
0,03/01/2017,62299,FALSE,1,FALSE
0,08/01/2017,62554,FALSE,1,FALSE
0,08/01/2017,62716,FALSE,1,FALSE
0,07/01/2017,62761,TRUE,1,FALSE
0,06/01/2017,62813,FALSE,1,FALSE
0,01/01/2017,62900,FALSE,1,FALSE
0,09/01/2017,62955,FALSE,1,FALSE
0,04/01/2017,63076,FALSE,1,FALSE
0,05/01/2017,63120,FALSE,1,FALSE
0,07/01/2017,63154,FALSE,1,FALSE
0,05/01/2017,63163,FALSE,1,FALSE
0,01/01/2017,63197,FALSE,1,FALSE
0,04/01/2017,63199,FALSE,1,FALSE
0,07/01/2017,63202,FALSE,1,FALSE
0,07/01/2017,63377,FALSE,1,FALSE
0,08/01/2017,63563,FALSE,1,FALSE
0,04/01/2017,63594,FALSE,1,FALSE
0,10/01/2017,63717,FALSE,1,FALSE
0,09/01/2017,63815,FALSE,1,FALSE
0,05/01/2017,63820,FALSE,1,FALSE
0,06/01/2017,63895,FALSE,1,FALSE
0,03/01/2017,63933,FALSE,4,FALSE
0,06/01/2017,63981,FALSE,1,FALSE
0,02/01/2017,63995,FALSE,1,FALSE
0,10/01/2017,64086,FALSE,1,FALSE
0,03/01/2017,64129,FALSE,1,FALSE
0,10/01/2017,64205,FALSE,1,FALSE
0,02/01/2017,64509,FALSE,2,FALSE
0,09/01/2017,64561,FALSE,1,FALSE
0,08/01/2017,64596,FALSE,1,FALSE
0,03/01/2017,64653,FALSE,1,FALSE
0,09/01/2017,64943,FALSE,1,FALSE
0,09/01/2017,65043,FALSE,1,FALSE
0,06/01/2017,65140,FALSE,1,FALSE
0,06/01/2017,65235,FALSE,1,FALSE
0,07/01/2017,65268,FALSE,1,FALSE
0,10/01/2017,65283,FALSE,1,FALSE
0,06/01/2017,65304,FALSE,1,FALSE
0,09/01/2017,65341,FALSE,1,FALSE
0,10/01/2017,65547,FALSE,1,FALSE
0,09/01/2017,65747,FALSE,1,FALSE
0,02/01/2017,65956,FALSE,1,FALSE
0,01/01/2017,65982,FALSE,1,FALSE
0,06/01/2017,66022,FALSE,1,FALSE
0,03/01/2017,66182,FALSE,1,FALSE
0,01/01/2017,66199,FALSE,1,FALSE
0,11/01/2017,66241,FALSE,1,FALSE
0,07/01/2017,66252,FALSE,1,FALSE
0,05/01/2017,66287,FALSE,1,FALSE
0,06/01/2017,66328,FALSE,1,FALSE
0,09/01/2017,66336,FALSE,1,FALSE
0,06/01/2017,66374,FALSE,1,FALSE
0,02/01/2017,66385,FALSE,1,FALSE
0,01/01/2017,66421,FALSE,1,FALSE
0,08/01/2017,66598,FALSE,1,FALSE
0,05/01/2017,66700,FALSE,1,FALSE
0,02/01/2017,66720,FALSE,1,FALSE
0,05/01/2017,66807,FALSE,1,FALSE
0,03/01/2017,66824,FALSE,1,FALSE
0,11/01/2017,66833,FALSE,1,FALSE
0,05/01/2017,66923,FALSE,1,FALSE
0,05/01/2017,66948,FALSE,1,FALSE
0,05/01/2017,66977,FALSE,1,FALSE
1,07/01/2017,66977,FALSE,1,FALSE
0,01/01/2017,67050,FALSE,1,FALSE
0,10/01/2017,67359,FALSE,1,FALSE
0,10/01/2017,67502,FALSE,1,FALSE
0,02/01/2017,67537,FALSE,1,FALSE
0,03/01/2017,67683,FALSE,1,FALSE
0,11/01/2017,67882,FALSE,1,FALSE
0,02/01/2017,67930,FALSE,1,FALSE
0,05/01/2017,68022,FALSE,1,FALSE
0,01/01/2017,68071,FALSE,1,FALSE
0,11/01/2017,68112,FALSE,1,FALSE
0,05/01/2017,68234,FALSE,1,FALSE
0,02/01/2017,68238,FALSE,1,FALSE
0,02/01/2017,68344,FALSE,1,FALSE
0,08/01/2017,68370,FALSE,1,FALSE
0,07/01/2017,68540,FALSE,1,FALSE
0,09/01/2017,68788,FALSE,1,FALSE
0,07/01/2017,68790,FALSE,1,FALSE
0,09/01/2017,68948,FALSE,1,FALSE
0,09/01/2017,68960,FALSE,2,FALSE
1,10/01/2017,68960,FALSE,1,FALSE
0,07/01/2017,69093,FALSE,1,FALSE
0,07/01/2017,69277,FALSE,1,FALSE
0,04/01/2017,69321,FALSE,1,FALSE
0,08/01/2017,69573,FALSE,1,FALSE
0,03/01/2017,69590,FALSE,1,FALSE
0,11/01/2017,69682,FALSE,1,FALSE
0,09/01/2017,69928,FALSE,1,FALSE
0,08/01/2017,69933,FALSE,1,FALSE
0,09/01/2017,69985,FALSE,1,FALSE
0,06/01/2017,69992,FALSE,1,FALSE
0,05/01/2017,69993,FALSE,1,FALSE
0,03/01/2017,70098,FALSE,1,FALSE
0,02/01/2017,70143,FALSE,1,FALSE
0,10/01/2017,70156,FALSE,1,FALSE
0,09/01/2017,70169,FALSE,1,FALSE
0,07/01/2017,70207,FALSE,1,FALSE
0,06/01/2017,70246,FALSE,1,FALSE
0,03/01/2017,70277,FALSE,1,FALSE
0,02/01/2017,70336,FALSE,1,FALSE
0,04/01/2017,70782,FALSE,1,FALSE
0,04/01/2017,70808,FALSE,1,FALSE
0,03/01/2017,70814,FALSE,1,FALSE
0,01/01/2017,70939,FALSE,1,FALSE
0,07/01/2017,71155,FALSE,1,FALSE
0,03/01/2017,71191,FALSE,1,FALSE
0,02/01/2017,71228,FALSE,1,FALSE
0,10/01/2017,71475,FALSE,1,FALSE